Gene,gRNA_complete,Position
Curate_NT_1,CACGGGCAGCGATCTAGTTG,G1
Curate_NT_2,CTTCACGCCTTGGACCGATA,G1
Curate_safe_16,AGTACACTATAGTGGCTAGT,G1
Curate_safe_37,ATGTAGGAGCTATAACATC,G1
Ing5,CTAGACCAGAGAACAGAAGG,G1
Ing5,TATCCTCTTCTGACGTCCGC,G1
Kat5,ATGAATGGGTGACTCACGAG,G1
Kat5,CCAAGACCCCTCATACCAAG,G1
Kat6b,AAAGGGGTCGTAAACGCAGG,G1
Kat6b,TCCCGAACTCTATTACTGAG,G1
Kat7,ACTCGGGCAGATCGGCGCG,G1
Kat7,CCTATCCTGAGGAATATGCG,G1
Kmt2a,ACGGTAGCGCAGCAAGTGAC,G1
Kmt2a,AGAAAGGGCGGCGATCAAGG,G1
Meaf6,AGCTGGCCGAGCTGGTTAAG,G1
Meaf6,CCAATAGCAAAAACGACCGG,G1
Curate_NT_1,CACGGGCAGCGATCTAGTTG,G2
Curate_NT_2,CTTCACGCCTTGGACCGATA,G2
Curate_safe_16,AGTACACTATAGTGGCTAGT,G2
Curate_safe_37,ATGTAGGAGCTATAACATC,G2
Epc1,CTATGAGTCCATATACCCTG,G2
Epc1,TAGCACAAATGATCCTTACG,G2
Epc2,TAAAGCTGTATATGACTACT,G2
Epc2,TATCATTTGGGAGACTATGG,G2
Ing4,AGGTAGACAAACACATTCGG,G2
Ing4,GCGCTACTCATATATTCAG,G2
Jade2,AGCTGCCCGTAGGCACCTTG,G2
Jade2,TGAGATCGATGCGTACTGGT,G2
Kat6a,ATTGGTGGCGAGTTTGACCG,G2
Kat6a,CTTCCACACGAGAAAGACA,G2
Kat7,ACTCGGGCAGATCGGCGCG,G2
Kat7,CCTATCCTGAGGAATATGCG,G2
Kmt2a,ACGGTAGCGCAGCAAGTGAC,G2
Kmt2a,AGAAAGGGCGGCGATCAAGG,G2
Meaf6,AGCTGGCCGAGCTGGTTAAG,G2
Meaf6,CCAATAGCAAAAACGACCGG,G2
Pcna,ATACGTGCAAATTCACCCGA,G2
Pcna,CGCAGAGTAAGCTGTACCA,G2
Psip1,AAAAATTTAGCTAAACCAG,G2
Psip1,ACTCCAAAAGCTGCCAGGCG,G2
Spikein_1,ACCTTACAATGTTATATT,G1
Spikein_2,GTGACACTTTCTATTAGGT,G1
Spikein_3,CCTTGAAATCAAATCAAACC,G1
Spikein_4,ACTAGCAGGTGACACCACCTGCATCA,G2